{
    "route_id": "11111111111111111111111111111111",
    "member_id": 1,
    "route_destination_id": "706574716",
    "next_destination_id": 706574715,
    "activity_type": "geofence-left",
    "activity_id": "11111111111111111111111111111111",
    "activity_timestamp": 1636056091,
    "activity_message": "Geofence triggered check out from 'Kryvyi Rih 33A Vatutina Street, Kryvyi Rih, Dnipropetrovs\\'ka oblast, Ukraine, 50000' after 00:00:49 on site",
    "remote_ip": 111111111,
    "day_id": 4326,
    "device_type": "web",
    "root_owner_member_id": "1",
    "activity_day_id": 4326,
    "order_id": "141297",
    "address_custom_data": {
      "Custom data": "Some custom data"
    },
    "account_type_id": "135",
    "member_level": "0",
    "root_owner_member_email": "test@email.mail",
    "member_custom_data": {}
  }