{
    "area_id": "719E4BE17B46707C126A658A4C7CA802",
    "member_id": 1,
    "activity_type": "area-added",
    "activity_id": "11111111111111111111111111111111",
    "activity_timestamp": 1636060416,
    "activity_message": "Region 'tampa bay 1' was created",
    "remote_ip": 0,
    "day_id": 4326,
    "device_type": "web",
    "root_owner_member_id": "1",
    "activity_day_id": 4326,
    "account_type_id": "135",
    "member_level": "0",
    "root_owner_member_email": "test@email.mail",
    "member_custom_data": {}
}