{
    "route_id": "11111111111111111111111111111111",
    "route_destination_id": 706574716,
    "member_id": 1,
    "note_id": "13758",
    "note_attachment_url": null,
    "api_key": false,
    "activity_type": "note-insert",
    "activity_id": "11111111111111111111111111111111",
    "activity_timestamp": 1636055968,
    "activity_message": "A note was added to address 'Kryvyi Rih 33A Vatutina Street, Kryvyi Rih, Dnipropetrovs\\'ka oblast, Ukraine, 50000' from Web Interface",
    "remote_ip": 111111111,
    "day_id": 4326,
    "device_type": "web",
    "root_owner_member_id": "1",
    "activity_day_id": 4326,
    "order_id": "141297",
    "address_custom_data": {
      "Custom data": "Some custom data"
    },
    "note_content": "dfg",
    "note_lat": null,
    "note_lng": null,
    "esignature": false,
    "account_type_id": "135",
    "member_level": "0",
    "root_owner_member_email": "test@email.mail",
    "member_custom_data": {}
  }