{
    "member_id": 1,
    "activity_type": "order-updated",
    "activity_id": "11111111111111111111111111111111",
    "activity_timestamp": 1636059857,
    "activity_message": "Order is updated",
    "remote_ip": 0,
    "day_id": 4326,
    "device_type": "web",
    "root_owner_member_id": "1",
    "activity_day_id": 4326,
    "order": {
        "created_timestamp": 1636059856,
        "updated_timestamp": 1636059857,
        "order_id": 141302,
        "order_status_id": 0,
        "day_added_YYMMDD": "2021-11-04",
        "day_scheduled_for_YYMMDD": null,
        "address_alias": null,
        "address_1": "21 Asheton Creek Dr, Charlotte, NC 28273, USA",
        "address_2": null,
        "member_id": 1,
        "EXT_FIELD_first_name": null,
        "EXT_FIELD_last_name": null,
        "EXT_FIELD_email": null,
        "EXT_FIELD_phone": null,
        "address_city": null,
        "address_state_id": null,
        "address_country_id": "0",
        "address_zip": null,
        "cached_lat": 35.109278,
        "cached_lng": -80.983056,
        "curbside_lat": 35.109278,
        "curbside_lng": -80.983056,
        "EXT_FIELD_custom_data": {
            "original_address": "Asheton Creek Dr, Charlotte, NC 28273, USA original_address",
            "created_at": "2021-11-04T11:04:16",
            "id": "1HqQhA2pzja5HgCw22JTBcK893QUng1",
            "email": "test@email.mail"
        },
        "visited_count": 0,
        "in_route_count": 0,
        "last_visited_timestamp": null,
        "last_routed_timestamp": null,
        "local_time_window_start": null,
        "local_time_window_end": null,
        "local_time_window_start_2": null,
        "local_time_window_end_2": null,
        "service_time": null,
        "local_timezone_string": null,
        "color": null,
        "order_icon": null,
        "is_validated": false,
        "is_pending": true,
        "is_accepted": false,
        "is_started": false,
        "is_completed": false,
        "tracking_number": null,
        "address_stop_type": "DELIVERY",
        "last_status": 0,
        "custom_user_fields": []
    },
    "order_diffs": [
        {
            "field": "cached_lat",
            "old_value": null,
            "new_value": 35.109278
        },
        {
            "field": "cached_lng",
            "old_value": null,
            "new_value": -80.983056
        },
        {
            "field": "updated_timestamp",
            "old_value": 1636059856,
            "new_value": 1636059857
        }
    ],
    "detailed_event": "geocode-completed",
    "account_type_id": "135",
    "member_level": "0",
    "root_owner_member_email": "test@email.mail",
    "member_custom_data": {}
}