{
    "member_id": 1,
    "activity_type": "order-updated",
    "activity_id": "11111111111111111111111111111111",
    "activity_timestamp": 1636059911,
    "activity_message": "Order is updated",
    "remote_ip": 0,
    "day_id": 4326,
    "device_type": "web",
    "root_owner_member_id": "1",
    "activity_day_id": 4326,
    "order": {
        "created_timestamp": 1636059856,
        "updated_timestamp": 1636059911,
        "order_id": 141302,
        "order_status_id": 0,
        "day_added_YYMMDD": "2021-11-04",
        "day_scheduled_for_YYMMDD": "2021-11-05",
        "address_alias": null,
        "address_1": "21 Asheton Creek Dr, Charlotte, NC 28273, USA",
        "address_2": null,
        "member_id": 1,
        "EXT_FIELD_first_name": null,
        "EXT_FIELD_last_name": null,
        "EXT_FIELD_email": null,
        "EXT_FIELD_phone": null,
        "address_city": null,
        "address_state_id": null,
        "address_country_id": "0",
        "address_zip": null,
        "cached_lat": 35.109278,
        "cached_lng": -80.983056,
        "curbside_lat": 35.109278,
        "curbside_lng": -80.983056,
        "EXT_FIELD_custom_data": {
            "Barcode": "KU6N1G1M86",
            "user_api_key": "11111111111111111111111111111111",
            "sorted_lat": "50.9047952",
            "sorted_lng": "34.8120278",
            "sorted_on_date": "2021-11-05T12:05:11",
            "sorted_on_utc": "1636063511",
            "custom_data_4": "TRUE",
            "custom_data_3": "TRUE",
            "custom_data_2": "1612884162",
            "custom_data_1": "339797",
            "loaded_on_date": "2021-11-05T01:05:11",
            "loaded_on_utc": "1636067111",
            "loaded_lat": "49.99015124",
            "loaded_lng": "36.30822725"
        },
        "visited_count": 0,
        "in_route_count": 0,
        "last_visited_timestamp": null,
        "last_routed_timestamp": null,
        "local_time_window_start": null,
        "local_time_window_end": null,
        "local_time_window_start_2": null,
        "local_time_window_end_2": null,
        "service_time": null,
        "local_timezone_string": null,
        "color": null,
        "order_icon": null,
        "is_validated": false,
        "is_pending": true,
        "is_accepted": false,
        "is_started": false,
        "is_completed": false,
        "tracking_number": "KU6N1G1M86",
        "address_stop_type": "DELIVERY",
        "last_status": 0,
        "custom_user_fields": []
    },
    "order_diffs": [
        {
            "field": "tracking_number",
            "old_value": null,
            "new_value": "KU6N1G1M86"
        },
        {
            "field": "EXT_FIELD_custom_data.Barcode",
            "new_value": "KU6N1G1M86"
        },
        {
            "field": "EXT_FIELD_custom_data.user_api_key",
            "new_value": "11111111111111111111111111111111"
        },
        {
            "field": "EXT_FIELD_custom_data.sorted_lat",
            "new_value": 50.9047952
        },
        {
            "field": "EXT_FIELD_custom_data.sorted_lng",
            "new_value": 34.8120278
        },
        {
            "field": "EXT_FIELD_custom_data.sorted_on_date",
            "new_value": "2021-11-05T12:05:11"
        },
        {
            "field": "EXT_FIELD_custom_data.sorted_on_utc",
            "new_value": 1636063511
        },
        {
            "field": "EXT_FIELD_custom_data.custom_data_4",
            "new_value": true
        },
        {
            "field": "EXT_FIELD_custom_data.custom_data_3",
            "new_value": true
        },
        {
            "field": "EXT_FIELD_custom_data.custom_data_2",
            "new_value": 1612884162
        },
        {
            "field": "EXT_FIELD_custom_data.custom_data_1",
            "new_value": 339797
        },
        {
            "field": "EXT_FIELD_custom_data.loaded_on_date",
            "new_value": "2021-11-05T01:05:11"
        },
        {
            "field": "EXT_FIELD_custom_data.loaded_on_utc",
            "new_value": 1636067111
        },
        {
            "field": "EXT_FIELD_custom_data.loaded_lat",
            "new_value": 49.99015124
        },
        {
            "field": "EXT_FIELD_custom_data.loaded_lng",
            "new_value": 36.30822725
        },
        {
            "field": "EXT_FIELD_custom_data.original_address",
            "old_value": "Asheton Creek Dr, Charlotte, NC 28273, USA original_address"
        },
        {
            "field": "EXT_FIELD_custom_data.created_at",
            "old_value": "2021-11-04T11:04:16"
        },
        {
            "field": "EXT_FIELD_custom_data.id",
            "old_value": "1HqQhA2pzja5HgCw22JTBcK893QUng1"
        },
        {
            "field": "EXT_FIELD_custom_data.email",
            "old_value": "test@email.mail"
        },
        {
            "field": "day_id_scheduled_for",
            "old_value": null,
            "new_value": 4327
        },
        {
            "field": "updated_timestamp",
            "old_value": 1636059857,
            "new_value": 1636059911
        }
    ],
    "detailed_event": "scheduled-for-date-added",
    "account_type_id": "135",
    "member_level": "0",
    "root_owner_member_email": "test@email.mail",
    "member_custom_data": {}
}