{
    "member_id": 1,
    "activity_type": "order-deleted",
    "activity_id": "11111111111111111111111111111111",
    "activity_timestamp": 1636060139,
    "activity_message": "Order is deleted",
    "remote_ip": 0,
    "day_id": 4326,
    "device_type": "web",
    "root_owner_member_id": "1",
    "activity_day_id": 4326,
    "order": {
        "created_timestamp": 1636060130,
        "updated_timestamp": 1636060139,
        "order_id": 141303,
        "order_status_id": 0,
        "day_added_YYMMDD": "2021-11-04",
        "day_scheduled_for_YYMMDD": "2021-11-04",
        "address_alias": "",
        "address_1": "4999 49th Ave N, St. Petersburg, FL 33709, USA",
        "address_2": null,
        "member_id": 1,
        "EXT_FIELD_first_name": "",
        "EXT_FIELD_last_name": "",
        "EXT_FIELD_email": "",
        "EXT_FIELD_phone": "",
        "address_city": null,
        "address_state_id": null,
        "address_country_id": "0",
        "address_zip": null,
        "cached_lat": 27.817101,
        "cached_lng": -82.701488,
        "curbside_lat": 27.816849,
        "curbside_lng": -82.701488,
        "EXT_FIELD_custom_data": [],
        "visited_count": 0,
        "in_route_count": 0,
        "last_visited_timestamp": null,
        "last_routed_timestamp": null,
        "local_time_window_start": null,
        "local_time_window_end": null,
        "local_time_window_start_2": null,
        "local_time_window_end_2": null,
        "service_time": null,
        "local_timezone_string": "Europe/Kiev",
        "color": "",
        "order_icon": "",
        "is_validated": false,
        "is_pending": true,
        "is_accepted": false,
        "is_started": false,
        "is_completed": false,
        "tracking_number": null,
        "address_stop_type": "DELIVERY",
        "last_status": 0,
        "custom_user_fields": []
    },
    "order_diffs": [
        {
            "field": "is_deleted",
            "old_value": false,
            "new_value": true
        },
        {
            "field": "updated_timestamp",
            "old_value": 1636060130,
            "new_value": 1636060139
        }
    ],
    "detailed_event": null,
    "account_type_id": "135",
    "member_level": "0",
    "root_owner_member_email": "test@email.mail",
    "member_custom_data": {}
}