{
    "area_id": "67A15A3F82D7AC96B22ABB064E79AE0C",
    "member_id": "1",
    "activity_type": "area-updated",
    "activity_id": "641AE832BCD61CCE6F847BF5FE84853E",
    "activity_timestamp": 1636060198,
    "activity_message": "Region 'north east park' was updated",
    "remote_ip": 0,
    "day_id": 4326,
    "device_type": "web",
    "root_owner_member_id": "1",
    "activity_day_id": 4326,
    "account_type_id": "135",
    "member_level": "0",
    "root_owner_member_email": "test@email.mail",
    "member_custom_data": {}
}