{
    "activity_type": "route-paused",
    "activity_message": "Route paused: route \"Thursday 4th of November 2021 11:41 PM (+02:00)\" paused from web",
    "route_id": "11111111111111111111111111111111",
    "member_id": 1,
    "activity_id": "11111111111111111111111111111111",
    "activity_timestamp": 1636062205,
    "remote_ip": 0,
    "day_id": 4326,
    "device_type": "web",
    "root_owner_member_id": "1",
    "activity_day_id": 4326,
    "account_type_id": "135",
    "member_level": "0",
    "root_owner_member_email": "test@email.mail",
    "member_custom_data": {}
}