{
    "optimization_problem_id": "11111111111111111111111111111111",
    "route_id": "11111111111111111111111111111111",
    "member_id": "1",
    "activity_type": "route-optimized",
    "activity_id": "11111111111111111111111111111111",
    "activity_timestamp": 1636061650,
    "activity_message": "Directions prepared for route 'Merged Route - Thursday 4th of November 2021 09:34:05 PM (+00:00)'",
    "remote_ip": 0,
    "day_id": 4326,
    "device_type": "web",
    "root_owner_member_id": "1",
    "activity_day_id": 4326,
    "account_type_id": "135",
    "member_level": "0",
    "root_owner_member_email": "test@email.mail",
    "member_custom_data": {}
  }