{
    "activity_type": "route-started",
    "activity_message": "Route started: route \"Friday 5th of November 2021 05:38 PM (+02:00)\" started from web",
    "route_id": "11111111111111111111111111111111",
    "member_id": 1,
    "activity_id": "11111111111111111111111111111111",
    "activity_timestamp": 1636128284,
    "remote_ip": 0,
    "day_id": 4327,
    "device_type": "web",
    "root_owner_member_id": "1",
    "activity_day_id": 4327,
    "account_type_id": "135",
    "member_level": "0",
    "root_owner_member_email": "test@email.mail",
    "member_custom_data": {}
  }