{
    "optimization_problem_id": "11111111111111111111111111111111",
    "member_id": 1,
    "activity_type": "route-merge",
    "activity_id": "11111111111111111111111111111111",
    "activity_timestamp": 1636061645,
    "activity_message": "Routes \"la1 (Duplicate) (Duplicate) (Duplicate), la1 (Duplicate) (Duplicate)\" were merged",
    "remote_ip": 0,
    "day_id": 4326,
    "device_type": "web",
    "root_owner_member_id": "1",
    "activity_day_id": 4326,
    "account_type_id": "135",
    "member_level": "0",
    "root_owner_member_email": "test@email.mail",
    "member_custom_data": {}
  }