{
    "route_id": "11111111111111111111111111111111",
    "member_id": 1,
    "activity_type": "route-update",
    "activity_id": "11111111111111111111111111111111",
    "activity_timestamp": 1636063016,
    "activity_message": "Route la1 (Duplicate) (Duplicate) (Duplicate) was updated",
    "remote_ip": 111111111,
    "day_id": 4326,
    "device_type": "web",
    "root_owner_member_id": "1",
    "activity_day_id": 4326,
    "account_type_id": "135",
    "member_level": "0",
    "root_owner_member_email": "test@email.mail",
    "member_custom_data": {}
  }