{
    "route_id": "11111111111111111111111111111111",
    "optimization_problem_id": null,
    "member_id": "1",
    "activity_type": "route-duplicate",
    "activity_id": "11111111111111111111111111111111",
    "activity_timestamp": 1636061577,
    "activity_message": "Route \"Wednesday 3rd of November 2021 01:02 PM (-04:00) (Part 001)\" was duplicated",
    "remote_ip": 0,
    "day_id": 4326,
    "device_type": "web",
    "root_owner_member_id": "1",
    "activity_day_id": 4326,
    "account_type_id": "135",
    "member_level": "0",
    "root_owner_member_email": "test@email.mail",
    "member_custom_data": {}
  }