{
    "route_id": "11111111111111111111111111111111",
    "route_destination_id": "706574716",
    "member_id": 1,
    "next_destination_id": 706574715,
    "activity_type": "mark-destination-departed",
    "activity_id": "11111111111111111111111111111111",
    "activity_timestamp": 1636055996,
    "activity_message": "The address 'Kryvyi Rih 33A Vatutina Street, Kryvyi Rih, Dnipropetrovs\\'ka oblast, Ukraine, 50000' was marked as departed from Web Interface",
    "remote_ip": 111111111,
    "day_id": 4326,
    "device_type": "web",
    "root_owner_member_id": "1",
    "activity_day_id": 4326,
    "order_id": "141297",
    "address_custom_data": {
      "Custom data": "Some custom data"
    },
    "account_type_id": "135",
    "member_level": "0",
    "root_owner_member_email": "test@email.mail",
    "member_custom_data": {}
  }