{
    "member_id": 1,
    "route_id": "11111111111111111111111111111111",
    "route_destination_id": 758640914,
    "activity_type": "route-destination-status",
    "activity_id": "11111111111111111111111111111111",
    "activity_timestamp": 1645040710,
    "activity_message": "Status \"completed\" was assigned to route destination \"40.713068,-74.007087\"",
    "remote_ip": 0,
    "day_id": 4430,
    "device_type": "web",
    "root_owner_member_id": "1",
    "activity_day_id": 4430,
    "address_custom_data": {
      "load_assist_id": "1"
    },
    "order_id": null,
    "detailed_event": "completed",
    "account_type_id": "135",
    "member_level": "0",
    "root_owner_member_email": "test@email.mail",
    "member_custom_data": {}
  }