{
  "route_id": "11111111111111111111111111111111",
  "to_route_id": "11111111111111111111111111111111",
  "route_destination_id": 706540580,
  "member_id": 1,
  "activity_type": "move-destination",
  "activity_id": "11111111111111111111111111111111",
  "activity_timestamp": 1636061512,
  "activity_message": "Address '91 Woodmont Dr SW, Calgary, AB T2W 4L3, Canada' was moved after '83 Woodbrook Rd SW, Calgary, AB T2W 4M5, Canada' in route 'Wednesday 3rd of November 2021 01:02 PM (-04:00) (Part 001)'",
  "remote_ip": 0,
  "day_id": 4326,
  "device_type": "web",
  "root_owner_member_id": "1",
  "activity_day_id": 4326,
  "order_id": null,
  "address_custom_data": {
    "Route_Total_Distance": "42.41",
    "Route_Planned_Time": "1:49:10",
    "Route_Planned_Total_Drive_Time": "0:55:10",
    "Route_Planned_Total_Service_Time": "0:54:00",
    "Scheduled_For": "10-23-20",
    "Optimized_Time_Window_Start": "",
    "Optimized_Time_Window_End": "",
    "Planned_Arrival_Time": "10/23/20 19:35",
    "Planned_Departure_Time": "10/23/20 19:37",
    "Predicted_Arrival_Time": "10/23/20 19:35",
    "Predicted_Departure_Time": "10/23/20 19:37",
    "Time_Impact": "",
    "Route_Start_Time": "18:00:00",
    "Stem_In_Time": "0:00:00",
    "Stem_Out_Time": "0:00:00",
    "Visited": "No",
    "AddressBook_Last_Visited": "",
    "AddressBook_Last_Departed": "",
    "Marked_Arrival_Time": "",
    "Marked_Departure_Time": "",
    "Marked_Stop_Time": "0:00:00",
    "Departed": "No",
    "Departed_latitude": "0",
    "Departed_longitude": "0",
    "Geofence_Visited_Time": "",
    "Geofence_Departed_Time": "",
    "Geofence_Time_On_Site": "0:00:00",
    "Distance_to_Next": "0.03",
    "Drive_Time_to_Next": "0:00:05",
    "Running_Service_Time": "0:46:00",
    "Running_Travel_Time": "0:51:58",
    "Wait_Time_From_Start": "",
    "Route_Wait_Time": "",
    "Running_Distance": "41.36",
    "Fuel_From_Start": "2.57",
    "Fuel_Cost_From_Start": "5.14",
    "Remaining_Weight": "0",
    "Remaining_Pieces": "0",
    "Remaining_Cube": "0",
    "Note_Type": "",
    "Note_Content": "",
    "Note_Attachment_URL": "",
    "Note_Time": "",
    "Note_Lat": "",
    "Note_Lng": "",
    "Device_Type": "",
    "Route_Notes": "",
    "Actual_Arrival_Time_Computation": "10/23/20 19:35",
    "Actual_Departure_Time_Computation": "10/23/20 19:37",
    "Actual_Arrival_Time": "",
    "Actual_Departure_Time": "",
    "Actual_Service_Time": "0:02:00",
    "Actual_Distance_From_Previous_Stop": "0",
    "Actual_Time_From_Previous_Stop": "0:00:00",
    "Actual_Running_Distance": "0",
    "Actual_Running_Drive_Time": "0:00:00",
    "Actual_Running_Service_Time": "0:46:00",
    "Actual_Distance_Computation_Method": "INSUFFICIENT_DATA",
    "Actual_Drive_Time_Computation_Method": "INSUFFICIENT_DATA",
    "Actual_Arrival_Time_Computation_Method": "ESTIMATED",
    "Actual_Departure_Time_Computation_Method": "ESTIMATED",
    "Actual_Service_Time_Computation_Method": "MIXED",
    "Actual_Time_From_Start": "0:00:00",
    "Actual_Distance_From_Start": "0",
    "SPORH": "14.84",
    "TPORH": "13.74",
    "Vehicle_Id": "",
    "Vehicle_Alias": "",
    "Member Id": "1",
    "Member Email": "test@email.mail",
    "Member First Name": "YYCA",
    "Member Last Name": "Territories Admin Test",
    "local_timezone_string": ""
  },
  "account_type_id": "135",
  "member_level": "0",
  "root_owner_member_email": "test@email.mail",
  "member_custom_data": {}
}