{
    "route_id": "11111111111111111111111111111111",
    "route_destination_id": 706540580,
    "member_id": 1098018,
    "activity_type": "update-destinations",
    "activity_id": "11111111111111111111111111111111",
    "activity_timestamp": 1636061465,
    "activity_message": "Address '91 Woodmont Dr SW, Calgary, AB T2W 4L3, Canada' was updated",
    "remote_ip": 111111111,
    "day_id": 4326,
    "device_type": "web",
    "root_owner_member_id": "111111",
    "activity_day_id": 4326,
    "account_type_id": "135",
    "member_level": "0",
    "root_owner_member_email": "test@email.mail",
    "member_custom_data": {}
  }