{
    "route_id": "11111111111111111111111111111111",
    "route_destination_id": 706574770,
    "member_id": 111111,
    "activity_type": "insert-destination",
    "activity_id": "11111111111111111111111111111111",
    "activity_timestamp": 1636061230,
    "activity_message": "Address 'Brittania Slopes, 4616 Britannia Dr SW, Calgary, AB T2S 1J6, Canada' was added into route 'Wednesday 3rd of November 2021 01:02 PM (-04:00) (Part 001)'",
    "remote_ip": 0,
    "day_id": 4326,
    "device_type": "web",
    "root_owner_member_id": "111111",
    "activity_day_id": 4326,
    "order_id": null,
    "address_custom_data": {},
    "account_type_id": "135",
    "member_level": "0",
    "root_owner_member_email": "test@email.mail",
    "member_custom_data": {}
  }